id,name,code,image-large,image-normal,partner,gameid,game_category_id
134,BACCARAT,BACCARAT,https://dev.pgslot.cc/cards/portrait/ambpoker/large/baccarat.png,https://dev.pgslot.cc/cards/portrait/ambpoker/normal/baccarat.png,AMBPOKER,BACCARAT,"3,6"
128,Bingo,BINGO,https://pgslot.cc/cardsnewlobby/portrait/ambpoker/large/bingo.png,https://pgslot.cc/cardsnewlobby/landscape/ambpoker/normal/bingo.png,AMBPOKER,BINGO,6
130,BINGO2,BINGO2,https://pgslot.cc/cardsnewlobby/portrait/ambpoker/large/BINGO2.png,https://pgslot.cc/cardsnewlobby/portrait/ambpoker/normal/BINGO2.png,AMBPOKER,BINGO2,"3,6"
121,BATTLEROYAL,BR,https://pgslot.cc/cardsnewlobby/portrait/ambpoker/large/battleroyal.png,https://pgslot.cc/cardsnewlobby/portrait/ambpoker/normal/battleroyal.png,AMBPOKER,BR,6
119,Chinese Poker 13 Cards,CP13,https://pgslot.cc/cardsnewlobby/portrait/ambpoker/large/chinesepoker13.png,https://pgslot.cc/cardsnewlobby/portrait/ambpoker/normal/chinesepoker13.png,AMBPOKER,CP13,6
127,Chinese Poker 6 Cards,CP6,https://pgslot.cc/cardsnewlobby/portrait/ambpoker/large/cp6.png,https://pgslot.cc/cardsnewlobby/portrait/ambpoker/normal/cp6.png,AMBPOKER,CP6,6
133,DragonTiger,DRAGONTIGER,https://pgslot.cc/cardsnewlobby/portrait/ambpoker/large/DRAGONTIGER.png,https://pgslot.cc/cardsnewlobby/portrait/ambpoker/normal/DRAGONTIGER.png,AMBPOKER,DRAGONTIGER,6
132,Let's fishing field,FISHCATCHING,https://pgslot.cc/cardsnewlobby/portrait/ambpoker/large/FISHCATCHING.png,https://pgslot.cc/cardsnewlobby/portrait/ambpoker/normal/FISHCATCHING.png,AMBPOKER,FISHCATCHING,"6,2"
129,Fruit Roulette Slots,FRUITSLOT,https://pgslot.cc/cardsnewlobby/portrait/ambpoker/large/fruit_new.png,https://pgslot.cc/cardsnewlobby/portrait/ambpoker/normal/fruit_new.png,AMBPOKER,FRUITSLOT,"6,2"
124,HILO,HILO,https://pgslot.cc/cardsnewlobby/portrait/ambpoker/large/hilo.png,https://pgslot.cc/cardsnewlobby/portrait/ambpoker/normal/hilo.png,AMBPOKER,HILO,6
131,Horse racing,HORSERACING,https://pgslot.cc/cardsnewlobby/portrait/ambpoker/large/HORSERACING.png,https://pgslot.cc/cardsnewlobby/portrait/ambpoker/normal/HORSERACING.png,AMBPOKER,HORSERACING,"6,2"
126,PAI KANG,KANG,https://pgslot.cc/cardsnewlobby/portrait/ambpoker/large/kang.png,https://pgslot.cc/cardsnewlobby/portrait/ambpoker/normal/kang.png,AMBPOKER,KANG,"3,6"
120,NAMTAOPUPA,NTPP,https://pgslot.cc/cardsnewlobby/portrait/ambpoker/large/ntpp.png,https://pgslot.cc/cardsnewlobby/portrait/ambpoker/normal/ntpp.png,AMBPOKER,NTPP,6
125,POKDENG,PD,https://pgslot.cc/cardsnewlobby/portrait/ambpoker/large/pd.png,https://pgslot.cc/cardsnewlobby/portrait/ambpoker/normal/pokdeng.png,AMBPOKER,PD,"3,6"
135,Head or Tail Arcade,PUNPAE,https://pgslot.cc/cardsnewlobby/portrait/ambpoker/large/punpae2.png,https://pgslot.cc/cardsnewlobby/portrait/ambpoker/normal/punpae2.png,AMBPOKER,PUNPAE,6
123,TK 2 Cards,TK2,https://pgslot.cc/cardsnewlobby/portrait/ambpoker/large/tk2.png,https://pgslot.cc/cardsnewlobby/portrait/ambpoker/normal/tk2.png,AMBPOKER,TK2,"3,6"
122,TK 3 Cards,TK3,https://pgslot.cc/cardsnewlobby/portrait/ambpoker/large/tk3New.png,https://pgslot.cc/cardsnewlobby/portrait/ambpoker/normal/tk3.png,AMBPOKER,TK3,"3,6"
203,Royal Thai Dessert,TDESSERT,https://pgslot.cc/cardsnewlobby/portrait/ambslot/large/new_royal_Thai_desser.png,https://pgslot.cc/cardsnewlobby/portrait/ambslot/normal/new_royal_Thai_dessert.png,AMBSLOT,1,1
204,Ghost House,GH,https://pgslot.cc/cardsnewlobby/portrait/ambslot/large/ghost-house.png,https://pgslot.cc/cardsnewlobby/portrait/ambslot/normal/ghost-house.png,AMBSLOT,1,1
206,Vampire,VAMPIRE,https://pgslot.cc/cardsnewlobby/portrait/ambslot/large/vampire.png,https://pgslot.cc/cardsnewlobby/portrait/ambslot/normal/vampire.png,AMBSLOT,1,1
207,Monster,MONSTER,https://pgslot.cc/cardsnewlobby/portrait/ambslot/large/little_monster.png,https://pgslot.cc/cardsnewlobby/portrait/ambslot/normal/little_monster.png,AMBSLOT,1,"1,2,4"
208,Super Bros,SUPERBROS,https://pgslot.cc/cardsnewlobby/portrait/ambslot/large/SUPERBROS.png,https://pgslot.cc/cardsnewlobby/portrait/ambslot/normal/SUPERBROS.png,AMBSLOT,1,1
209,Snow Princess,SNOWPRINCESS,https://pgslot.cc/cardsnewlobby/portrait/ambslot/large/SNOWPRINCESS.png,https://pgslot.cc/cardsnewlobby/portrait/ambslot/normal/SNOWPRINCESS.png,AMBSLOT,1,1
210,Rich Water,RICHWATER,https://pgslot.cc/cardsnewlobby/portrait/ambslot/large/RICHWATER.png,https://pgslot.cc/cardsnewlobby/portrait/ambslot/normal/RICHWATER.png,AMBSLOT,1,1
211,Jin Sung,JINSUNG,https://pgslot.cc/cardsnewlobby/portrait/ambslot/large/JINSUNG.png,https://pgslot.cc/cardsnewlobby/portrait/ambslot/normal/JINSUNG.png,AMBSLOT,1,"1,2,4"
212,Angry Win,ANGRYBIRD,https://pgslot.cc/cardsnewlobby/portrait/ambslot/large/ANGRYBIRD.png,https://pgslot.cc/cardsnewlobby/portrait/ambslot/normal/ANGRYBIRD.png,AMBSLOT,1,"1,2,4"
213,Crazy Worm Treasure Hunt,CRAZYWORM,https://pgslot.cc/cardsnewlobby/portrait/ambslot/large/CRAZYWORM.png,https://pgslot.cc/cardsnewlobby/portrait/ambslot/normal/CRAZYWORM.png,AMBSLOT,1,1
214,Sushi Prime,SUSHI35,https://pgslot.cc/cardsnewlobby/portrait/ambslot/large/SUSHI35.png,https://pgslot.cc/cardsnewlobby/portrait/ambslot/normal/SUSHI35.png,AMBSLOT,1,"1,2,4"
202,Solar Space,SOLAR,https://pgslot.cc/cardsnewlobby/portrait/ambslot/large/Solar_Space.png,https://pgslot.cc/cardsnewlobby/portrait/ambslot/normal/Solar_Space.png,AMBSLOT,2,"1,2,4"
205,The King Joker,JOKER,https://pgslot.cc/cardsnewlobby/portrait/ambslot/large/JOKER.png,https://pgslot.cc/cardsnewlobby/portrait/ambslot/normal/thekingjoker.png,AMBSLOT,3,"1,2,4"
201,Kraken,KRAKEN,https://pgslot.cc/cardsnewlobby/portrait/ambslot/large/KRAKEN.png,https://pgslot.cc/cardsnewlobby/portrait/ambslot/normal/KRAKEN.png,AMBSLOT,4,1
78,Ocean Lord,1001,https://pgslot.cc/cardsnewlobby/portrait/drg/large/1001.png,https://pgslot.cc/cardsnewlobby/portrait/drg/normal/1001.png,ASKMEBET,1001,5
89,Let's Shoot,1002,https://pgslot.cc/cardsnewlobby/portrait/drg/large/1002.png,https://pgslot.cc/cardsnewlobby/portrait/drg/normal/1002.png,ASKMEBET,1002,5
93,3 Gods Fishing,1003,https://pgslot.cc/cardsnewlobby/portrait/drg/large/1003.png,https://pgslot.cc/cardsnewlobby/portrait/drg/normal/1003.png,ASKMEBET,1003,5
92,Diamond Mogul,3001,https://pgslot.cc/cardsnewlobby/portrait/drg/large/3001.png,https://pgslot.cc/cardsnewlobby/portrait/drg/normal/3001.png,ASKMEBET,3001,"1,2"
71,Over Dragon's Gate,3002,https://pgslot.cc/cardsnewlobby/portrait/drg/large/3002.png,https://pgslot.cc/cardsnewlobby/portrait/drg/normal/3002.png,ASKMEBET,3002,"1,2"
85,Get Money,3003,https://pgslot.cc/cardsnewlobby/portrait/drg/large/3003.png,https://pgslot.cc/cardsnewlobby/portrait/drg/normal/3003.png,ASKMEBET,3003,"1,2"
102,Great Lion,3004,https://pgslot.cc/cardsnewlobby/portrait/drg/large/3004.png,https://pgslot.cc/cardsnewlobby/portrait/drg/normal/3004.png,ASKMEBET,3004,"1,2"
86,Ultra Treasure,3005,https://pgslot.cc/cardsnewlobby/portrait/drg/large/3005.png,https://pgslot.cc/cardsnewlobby/portrait/drg/normal/3005.png,ASKMEBET,3005,"1,2"
88,Egypt Oracle,3006,https://pgslot.cc/cardsnewlobby/portrait/drg/large/3006.png,https://pgslot.cc/cardsnewlobby/portrait/drg/normal/3006.png,ASKMEBET,3006,"1,2"
72,Caishen Coming,3007,https://pgslot.cc/cardsnewlobby/portrait/drg/large/3007.png,https://pgslot.cc/cardsnewlobby/portrait/drg/normal/3007.png,ASKMEBET,3007,"1,2"
98,Candy Dynasty,3008,https://pgslot.cc/cardsnewlobby/portrait/drg/large/3008.png,https://pgslot.cc/cardsnewlobby/portrait/drg/normal/3008.png,ASKMEBET,3008,"1,2"
79,Rich Lion,3009,https://pgslot.cc/cardsnewlobby/portrait/drg/large/3009.png,https://pgslot.cc/cardsnewlobby/portrait/drg/normal/3009.png,ASKMEBET,3009,"1,2"
81,Monkey King,3010,https://pgslot.cc/cardsnewlobby/portrait/drg/large/3010.png,https://pgslot.cc/cardsnewlobby/portrait/drg/normal/3010.png,ASKMEBET,3010,"1,2"
87,Bust Treasury,3011,https://pgslot.cc/cardsnewlobby/portrait/drg/large/3011.png,https://pgslot.cc/cardsnewlobby/portrait/drg/normal/3011.png,ASKMEBET,3011,"1,2"
104,5 God Beast,3012,https://pgslot.cc/cardsnewlobby/portrait/drg/large/3012.png,https://pgslot.cc/cardsnewlobby/portrait/drg/normal/3012.png,ASKMEBET,3012,"1,2"
82,Get High,3013,https://pgslot.cc/cardsnewlobby/portrait/drg/large/3013.png,https://pgslot.cc/cardsnewlobby/portrait/drg/normal/3013.png,ASKMEBET,3013,"1,2"
103,Arab,3014,https://pgslot.cc/cardsnewlobby/portrait/drg/large/3014.png,https://pgslot.cc/cardsnewlobby/portrait/drg/normal/3014.png,ASKMEBET,3014,"1,2"
70,Wolf Legend,3015,https://pgslot.cc/cardsnewlobby/portrait/drg/large/3015.png,https://pgslot.cc/cardsnewlobby/portrait/drg/normal/3015.png,ASKMEBET,3015,"1,2"
74,Crystal Fruits,3016,https://pgslot.cc/cardsnewlobby/portrait/drg/large/3016.png,https://pgslot.cc/cardsnewlobby/portrait/drg/normal/3016.png,ASKMEBET,3016,"1,2"
116,Golf,3017,https://pgslot.cc/cardsnewlobby/portrait/drg/large/3017.png,https://pgslot.cc/cardsnewlobby/portrait/drg/normal/3017.png,ASKMEBET,3017,"1,2"
94,Tiger Lord,3018,https://pgslot.cc/cardsnewlobby/portrait/drg/large/3018.png,https://pgslot.cc/cardsnewlobby/portrait/drg/normal/3018.png,ASKMEBET,3018,"1,2"
91,Zeus,3019,https://pgslot.cc/cardsnewlobby/portrait/drg/large/3019.png,https://pgslot.cc/cardsnewlobby/portrait/drg/normal/3019.png,ASKMEBET,3019,"1,2"
73,Dracula,3020,https://pgslot.cc/cardsnewlobby/portrait/drg/large/3020.png,https://pgslot.cc/cardsnewlobby/portrait/drg/normal/3020.png,ASKMEBET,3020,"1,2"
112,Pirate King,3021,https://pgslot.cc/cardsnewlobby/portrait/drg/large/3021.png,https://pgslot.cc/cardsnewlobby/portrait/drg/normal/3021.png,ASKMEBET,3021,"1,2"
96,Alice,3022,https://pgslot.cc/cardsnewlobby/portrait/drg/large/3022.png,https://pgslot.cc/cardsnewlobby/portrait/drg/normal/3022.png,ASKMEBET,3022,"1,2"
111,Stone Hominid,3023,https://pgslot.cc/cardsnewlobby/portrait/drg/large/3023.png,https://pgslot.cc/cardsnewlobby/portrait/drg/normal/3023.png,ASKMEBET,3023,"1,2"
77,T-Rex,3024,https://pgslot.cc/cardsnewlobby/portrait/drg/large/3024.png,https://pgslot.cc/cardsnewlobby/portrait/drg/normal/3024.png,ASKMEBET,3024,"1,2"
80,Greatest Circus,3025,https://pgslot.cc/cardsnewlobby/portrait/drg/large/3025.png,https://pgslot.cc/cardsnewlobby/portrait/drg/normal/3025.png,ASKMEBET,3025,"1,2"
106,Midas Touch,3026,https://pgslot.cc/cardsnewlobby/portrait/drg/large/3026.png,https://pgslot.cc/cardsnewlobby/portrait/drg/normal/3026.png,ASKMEBET,3026,"1,2"
95,Maya King,3027,https://pgslot.cc/cardsnewlobby/portrait/drg/large/3027.png,https://pgslot.cc/cardsnewlobby/portrait/drg/normal/3027.png,ASKMEBET,3027,"1,2"
76,Fruits Bar,3028,https://pgslot.cc/cardsnewlobby/portrait/drg/large/3028.png,https://pgslot.cc/cardsnewlobby/portrait/drg/normal/3028.png,ASKMEBET,3028,"1,2"
99,Rich Dragon,3029,https://pgslot.cc/cardsnewlobby/portrait/drg/large/3029.png,https://pgslot.cc/cardsnewlobby/portrait/drg/normal/3029.png,ASKMEBET,3029,"1,2"
83,JIN HOU YE,3030,https://pgslot.cc/cardsnewlobby/portrait/drg/large/3030.png,https://pgslot.cc/cardsnewlobby/portrait/drg/normal/3030.png,ASKMEBET,3030,"1,2"
101,Fushen Coming,3031,https://pgslot.cc/cardsnewlobby/portrait/drg/large/3031.png,https://pgslot.cc/cardsnewlobby/portrait/drg/normal/3031.png,ASKMEBET,3031,"1,2"
114,Pandaria,3032,https://pgslot.cc/cardsnewlobby/portrait/drg/large/3032.png,https://pgslot.cc/cardsnewlobby/portrait/drg/normal/3032.png,ASKMEBET,3032,"1,2"
109,Rich Now,3033,https://pgslot.cc/cardsnewlobby/portrait/drg/large/3033.png,https://pgslot.cc/cardsnewlobby/portrait/drg/normal/3033.png,ASKMEBET,3033,"1,2,4"
105,777,3034,https://pgslot.cc/cardsnewlobby/portrait/drg/large/3034.png,https://pgslot.cc/cardsnewlobby/portrait/drg/normal/3034.png,ASKMEBET,3034,"1,2"
115,Triple Monkey,3035,https://pgslot.cc/cardsnewlobby/portrait/drg/large/3035.png,https://pgslot.cc/cardsnewlobby/portrait/drg/normal/3035.png,ASKMEBET,3035,"1,2"
110,ZHAO YUN,3036,https://pgslot.cc/cardsnewlobby/portrait/drg/large/3036.png,https://pgslot.cc/cardsnewlobby/portrait/drg/normal/3036.png,ASKMEBET,3036,"1,2"
75,Phoenix,3037,https://pgslot.cc/cardsnewlobby/portrait/drg/large/3037.png,https://pgslot.cc/cardsnewlobby/portrait/drg/normal/3037.png,ASKMEBET,3037,"1,2"
90,LU LING QI,3038,https://pgslot.cc/cardsnewlobby/portrait/drg/large/3038.png,https://pgslot.cc/cardsnewlobby/portrait/drg/normal/3038.png,ASKMEBET,3038,"1,2"
100,Booming Gems,3039,https://pgslot.cc/cardsnewlobby/portrait/drg/large/3039.png,https://pgslot.cc/cardsnewlobby/portrait/drg/normal/3039.png,ASKMEBET,3039,"1,2"
107,Many Beauties,3040,https://pgslot.cc/cardsnewlobby/portrait/drg/large/3040.png,https://pgslot.cc/cardsnewlobby/portrait/drg/normal/3040.png,ASKMEBET,3040,"1,2"
113,More Beauties,3041,https://pgslot.cc/cardsnewlobby/portrait/drg/large/3041.png,https://pgslot.cc/cardsnewlobby/portrait/drg/normal/3041.png,ASKMEBET,3041,"1,2"
84,Doggy Wealth,3042,https://pgslot.cc/cardsnewlobby/portrait/drg/large/3042.png,https://pgslot.cc/cardsnewlobby/portrait/drg/normal/3042.png,ASKMEBET,3042,"1,2"
108,Coin Cat,3043,https://pgslot.cc/cardsnewlobby/portrait/drg/large/3043.png,https://pgslot.cc/cardsnewlobby/portrait/drg/normal/3043.png,ASKMEBET,3043,"1,2"
97,Immortal Heroes,3044,https://pgslot.cc/cardsnewlobby/portrait/drg/large/3044.png,https://pgslot.cc/cardsnewlobby/portrait/drg/normal/3044.png,ASKMEBET,3044,"1,2"
118,Golden Eye,3049,https://pgslot.cc/cardsnewlobby/portrait/drg/large/3049.png,https://pgslot.cc/cardsnewlobby/portrait/drg/normal/3049.png,ASKMEBET,3049,"1,2"
117,Chicken Dinner,3050,https://pgslot.cc/cardsnewlobby/portrait/drg/large/3050.png,https://pgslot.cc/cardsnewlobby/portrait/drg/normal/3050.png,ASKMEBET,3050,"1,2"
258,Egypt Gods,4,https://pgslot.cc/cardsnewlobby/portrait/evoplay/large/Egypt%20Gods.png,https://pgslot.cc/cardsnewlobby/portrait/evoplay/normal/Egypt%20Gods.png,EVOPLAY,4,1
224,Lucky Mahjong Box,7,https://pgslot.cc/cardsnewlobby/portrait/evoplay/large/Lucky%20Mahjong%20Box.png,https://pgslot.cc/cardsnewlobby/portrait/evoplay/normal/Lucky%20Mahjong%20Box.png,EVOPLAY,7,1
245,Basketball,10,https://pgslot.cc/cardsnewlobby/portrait/evoplay/large/Basketball.png,https://pgslot.cc/cardsnewlobby/portrait/evoplay/normal/Basketball.png,EVOPLAY,10,1
243,Talismans of Fortune,13,https://pgslot.cc/cardsnewlobby/portrait/evoplay/large/Talismans%20of%20Fortune.png,https://pgslot.cc/cardsnewlobby/portrait/evoplay/normal/Talismans%20of%20Fortune.png,EVOPLAY,13,1
247,The Great Wall Treasure,16,https://pgslot.cc/cardsnewlobby/portrait/evoplay/large/The%20Great%20Wall%20Treasure.png,https://pgslot.cc/cardsnewlobby/portrait/evoplay/normal/The%20Great%20Wall%20Treasure.png,EVOPLAY,16,1
242,Robin Hood,19,https://pgslot.cc/cardsnewlobby/portrait/evoplay/large/Robin%20Hood.png,https://pgslot.cc/cardsnewlobby/portrait/evoplay/normal/Robin%20Hood.png,EVOPLAY,19,"1,4"
228,Chinese New Year,22,https://pgslot.cc/cardsnewlobby/portrait/evoplay/large/Chinese%20New%20Year.png,https://pgslot.cc/cardsnewlobby/portrait/evoplay/normal/Chinese%20New%20Year.png,EVOPLAY,22,1
216,Clash of Pirates,25,https://pgslot.cc/cardsnewlobby/portrait/evoplay/large/Clash%20of%20Pirates.png,https://pgslot.cc/cardsnewlobby/portrait/evoplay/normal/Clash%20of%20Pirates.png,EVOPLAY,25,1
241,Journey to the West,28,https://pgslot.cc/cardsnewlobby/portrait/evoplay/large/Journey%20to%20the%20West.png,https://pgslot.cc/cardsnewlobby/portrait/evoplay/normal/Journey%20to%20the%20West.png,EVOPLAY,28,1
236,Vegas Nights,34,https://pgslot.cc/cardsnewlobby/portrait/evoplay/large/Vegas%20Nights.png,https://pgslot.cc/cardsnewlobby/portrait/evoplay/normal/Vegas%20Nights.png,EVOPLAY,34,1
255,Jewellery store,37,https://pgslot.cc/cardsnewlobby/portrait/evoplay/large/Jewellery%20store.png,https://pgslot.cc/cardsnewlobby/portrait/evoplay/normal/Jewellery%20store.png,EVOPLAY,37,1
252,Red Cliff,76,https://pgslot.cc/cardsnewlobby/portrait/evoplay/large/Red%20Cliff.png,https://pgslot.cc/cardsnewlobby/portrait/evoplay/normal/Red%20Cliff.png,EVOPLAY,76,1
249,Indiana's Quest,79,https://pgslot.cc/cardsnewlobby/portrait/evoplay/large/Indiana_s%20Quest.png,https://pgslot.cc/cardsnewlobby/portrait/evoplay/normal/Indiana_s%20Quest.png,EVOPLAY,79,1
259,Elven Princesses,82,https://pgslot.cc/cardsnewlobby/portrait/evoplay/large/Elven%20Princesses.png,https://pgslot.cc/cardsnewlobby/portrait/evoplay/normal/Elven%20Princesses.png,EVOPLAY,82,1
261,Fruit Burst,88,https://pgslot.cc/cardsnewlobby/portrait/evoplay/large/Fruit%20Burst.png,https://pgslot.cc/cardsnewlobby/portrait/evoplay/normal/Fruit%20Burst.png,EVOPLAY,88,"1,4"
234,Legend of Ra,94,https://pgslot.cc/cardsnewlobby/portrait/evoplay/large/Legend%20of%20Ra.png,https://pgslot.cc/cardsnewlobby/portrait/evoplay/normal/Legend%20of%20Ra.png,EVOPLAY,94,"1,2"
253,Atlantis,98,https://pgslot.cc/cardsnewlobby/portrait/evoplay/large/Atlantis.png,https://pgslot.cc/cardsnewlobby/portrait/evoplay/normal/Atlantis.png,EVOPLAY,98,"1,2"
254,Epic Gladiators,101,https://pgslot.cc/cardsnewlobby/portrait/evoplay/large/EpicGladiators.png,https://pgslot.cc/cardsnewlobby/portrait/evoplay/normal/EpicGladiators.png,EVOPLAY,101,"1,2"
232,Naughty Girls Cabaret,104,https://pgslot.cc/cardsnewlobby/portrait/evoplay/large/NaughtyGirlsCabaret.png,https://pgslot.cc/cardsnewlobby/portrait/evoplay/normal/NaughtyGirlsCabaret.png,EVOPLAY,104,"1,2"
251,Football,107,https://pgslot.cc/cardsnewlobby/portrait/evoplay/large/Football.png,https://pgslot.cc/cardsnewlobby/portrait/evoplay/normal/Football.png,EVOPLAY,107,"1,2"
263,Sindbad,110,https://pgslot.cc/cardsnewlobby/portrait/evoplay/large/Sindbad.png,https://pgslot.cc/cardsnewlobby/portrait/evoplay/normal/Sindbad.png,EVOPLAY,110,"1,2"
264,Robinson,293,https://pgslot.cc/cardsnewlobby/portrait/evoplay/large/Robinson.png,https://pgslot.cc/cardsnewlobby/portrait/evoplay/normal/Robinson.png,EVOPLAY,293,"1,2"
250,Candy Dreams,296,https://pgslot.cc/cardsnewlobby/portrait/evoplay/large/CandyDreams.png,https://pgslot.cc/cardsnewlobby/portrait/evoplay/normal/CandyDreams.png,EVOPLAY,296,"1,2"
238,The Slavs,719,https://pgslot.cc/cardsnewlobby/portrait/evoplay/large/TheSlavs.png,https://pgslot.cc/cardsnewlobby/portrait/evoplay/normal/TheSlavs.png,EVOPLAY,719,"1,2"
223,USSR Seventies,722,https://pgslot.cc/cardsnewlobby/portrait/evoplay/large/USSRSeventies.png,https://pgslot.cc/cardsnewlobby/portrait/evoplay/normal/USSRSeventies.png,EVOPLAY,722,"1,2"
235,Aeronauts,725,https://pgslot.cc/cardsnewlobby/portrait/evoplay/large/Aeronauts.png,https://pgslot.cc/cardsnewlobby/portrait/evoplay/normal/Aeronauts.png,EVOPLAY,725,"1,2"
230,Prohibition,728,https://pgslot.cc/cardsnewlobby/portrait/evoplay/large/Prohibition.png,https://pgslot.cc/cardsnewlobby/portrait/evoplay/normal/Prohibition.png,EVOPLAY,728,"1,2"
271,Monster Lab,730,https://pgslot.cc/cardsnewlobby/portrait/evoplay/large/730.png,https://pgslot.cc/cardsnewlobby/portrait/evoplay/normal/730.png,EVOPLAY,730,"1,2"
244,The Great Conflict,733,https://pgslot.cc/cardsnewlobby/portrait/evoplay/large/TheGreatConflict.png,https://pgslot.cc/cardsnewlobby/portrait/evoplay/normal/TheGreatConflict.png,EVOPLAY,733,"1,2"
262,Battle Tanks,736,https://pgslot.cc/cardsnewlobby/portrait/evoplay/large/Battle%20Tanks.png,https://pgslot.cc/cardsnewlobby/portrait/evoplay/normal/Battle%20Tanks.png,EVOPLAY,736,"1,2"
217,Dolphins Treasure,742,https://pgslot.cc/cardsnewlobby/portrait/evoplay/large/Dolphins%20Treasure.png,https://pgslot.cc/cardsnewlobby/portrait/evoplay/normal/Dolphins%20Treasure.png,EVOPLAY,742,"1,2"
215,Necromancer,970,https://pgslot.cc/cardsnewlobby/portrait/evoplay/large/Necromancer.png,https://pgslot.cc/cardsnewlobby/portrait/evoplay/normal/Necromancer.png,EVOPLAY,970,"1,2"
260,Mystery Planet,973,https://pgslot.cc/cardsnewlobby/portrait/evoplay/large/MysteryPlanet.png,https://pgslot.cc/cardsnewlobby/portrait/evoplay/normal/MysteryPlanet.png,EVOPLAY,973,"1,2"
239,Fruits Land,976,https://pgslot.cc/cardsnewlobby/portrait/evoplay/large/Fruits%20Land.png,https://pgslot.cc/cardsnewlobby/portrait/evoplay/normal/Fruits%20Land.png,EVOPLAY,976,"1,2"
218,Charming Queens,979,https://pgslot.cc/cardsnewlobby/portrait/evoplay/large/Charming%20Queens.png,https://pgslot.cc/cardsnewlobby/portrait/evoplay/normal/Charming%20Queens.png,EVOPLAY,979,"1,2"
220,Lucky Girls,988,https://pgslot.cc/cardsnewlobby/portrait/evoplay/large/Lucky%20Girls.png,https://pgslot.cc/cardsnewlobby/portrait/evoplay/normal/Lucky%20Girls.png,EVOPLAY,988,"1,2"
222,E.T. Lost Socks,994,https://pgslot.cc/cardsnewlobby/portrait/evoplay/large/E.T.LostSocks.png,https://pgslot.cc/cardsnewlobby/portrait/evoplay/normal/E.T.LostSocks.png,EVOPLAY,994,1
257,Trip to the Future,1003,https://pgslot.cc/cardsnewlobby/portrait/evoplay/large/Trip%20to%20the%20Future.png,https://pgslot.cc/cardsnewlobby/portrait/evoplay/normal/Trip%20to%20the%20Future.png,EVOPLAY,1003,"1,2"
240,Reign Of Dragons,1018,https://pgslot.cc/cardsnewlobby/portrait/evoplay/large/Reign%20Of%20Dragons.png,https://pgslot.cc/cardsnewlobby/portrait/evoplay/normal/Reign%20Of%20Dragons.png,EVOPLAY,1018,"1,2"
267,Nuke World,5398,https://pgslot.cc/cardsnewlobby/portrait/evoplay/large/5398.png,https://pgslot.cc/cardsnewlobby/portrait/evoplay/normal/5398.png,EVOPLAY,5398,"1,2"
233,Dungeon Immortal Evil,5452,https://pgslot.cc/cardsnewlobby/portrait/evoplay/large/Dungeon%20Immortal%20Evil.png,https://pgslot.cc/cardsnewlobby/portrait/evoplay/normal/Dungeon%20Immortal%20Evil.png,EVOPLAY,5452,"1,2"
272,Sprinkle,5455,https://pgslot.cc/cardsnewlobby/portrait/evoplay/large/5455.png,https://pgslot.cc/cardsnewlobby/portrait/evoplay/normal/5455.png,EVOPLAY,5455,"1,2"
269,Brutal Santa,5479,https://pgslot.cc/cardsnewlobby/portrait/evoplay/large/5479.png,https://pgslot.cc/cardsnewlobby/portrait/evoplay/normal/5479.png,EVOPLAY,5479,"1,2"
265,Maze: Desire for Power,5483,https://pgslot.cc/cardsnewlobby/portrait/evoplay/large/5483.png,https://pgslot.cc/cardsnewlobby/portrait/evoplay/normal/5483.png,EVOPLAY,5483,"1,2"
273,Legend of Kaan,5485,https://pgslot.cc/cardsnewlobby/portrait/evoplay/large/5485.png,https://pgslot.cc/cardsnewlobby/portrait/evoplay/normal/5485.png,EVOPLAY,5485,"1,2"
268,Hungry Night,5487,https://pgslot.cc/cardsnewlobby/portrait/evoplay/large/5487.png,https://pgslot.cc/cardsnewlobby/portrait/evoplay/normal/5487.png,EVOPLAY,5487,"1,2"
266,Book of Rest,5493,https://pgslot.cc/cardsnewlobby/portrait/evoplay/large/5493.png,https://pgslot.cc/cardsnewlobby/portrait/evoplay/normal/5493.png,EVOPLAY,5493,"1,2"
225,Hot Triple Sevens,5517,https://pgslot.cc/cardsnewlobby/portrait/evoplay/large/Hot%20Triple%20Sevens.png,https://pgslot.cc/cardsnewlobby/portrait/evoplay/normal/Hot%20Triple%20Sevens.png,EVOPLAY,5517,"1,2"
270,Season Sisters,5527,https://pgslot.cc/cardsnewlobby/portrait/evoplay/large/5527.png,https://pgslot.cc/cardsnewlobby/portrait/evoplay/normal/5527.png,EVOPLAY,5527,"1,2"
229,Animal Quest,5547,https://pgslot.cc/cardsnewlobby/portrait/evoplay/large/Animal%20Quest.png,https://pgslot.cc/cardsnewlobby/portrait/evoplay/normal/Animal%20Quest.png,EVOPLAY,5547,"1,2"
274,Irish Reels,5551,https://pgslot.cc/cardsnewlobby/portrait/evoplay/large/5551.png,https://pgslot.cc/cardsnewlobby/portrait/evoplay/normal/5551.png,EVOPLAY,5551,"1,2"
256,Fluffy Rangers,5641,https://pgslot.cc/cardsnewlobby/portrait/evoplay/large/Fluffy%20Rangers.png,https://pgslot.cc/cardsnewlobby/portrait/evoplay/normal/Fluffy%20Rangers.png,EVOPLAY,5641,"1,2"
219,Exploding Fruits,5659,https://pgslot.cc/cardsnewlobby/portrait/evoplay/large/Exploding%20Fruits.png,https://pgslot.cc/cardsnewlobby/portrait/evoplay/normal/Exploding%20Fruits.png,EVOPLAY,5659,"1,2"
246,Jelly Boom,5695,https://pgslot.cc/cardsnewlobby/portrait/evoplay/large/Jelly%20Boom.png,https://pgslot.cc/cardsnewlobby/portrait/evoplay/normal/Jelly%20Boom.png,EVOPLAY,5695,"1,2"
227,Jolly Treasures,5735,https://pgslot.cc/cardsnewlobby/portrait/evoplay/large/JollyTreasures.png,https://pgslot.cc/cardsnewlobby/portrait/evoplay/normal/JollyTreasures.png,EVOPLAY,5735,"1,2"
226,Night Of The Living Tales,5737,https://pgslot.cc/cardsnewlobby/portrait/evoplay/large/NightOfTheLivingTales.png,https://pgslot.cc/cardsnewlobby/portrait/evoplay/normal/NightOfTheLivingTales.png,EVOPLAY,5737,"1,2"
237,Ice Mania,5740,https://pgslot.cc/cardsnewlobby/portrait/evoplay/large/IceMania.png,https://pgslot.cc/cardsnewlobby/portrait/evoplay/normal/IceMania.png,EVOPLAY,5740,"1,2"
248,Temple Of Dead,5746,https://pgslot.cc/cardsnewlobby/portrait/evoplay/large/TempleofDead.png,https://pgslot.cc/cardsnewlobby/portrait/evoplay/normal/TempleofDead.png,EVOPLAY,5746,"1,2"
231,Treasure Mania,5749,https://pgslot.cc/cardsnewlobby/portrait/evoplay/large/TreasureManiapng.png,https://pgslot.cc/cardsnewlobby/portrait/evoplay/normal/TreasureManiapng.png,EVOPLAY,5749,"1,2"
221,Fruit Super Nova,5752,https://pgslot.cc/cardsnewlobby/portrait/evoplay/large/fruitsupernova.png,https://pgslot.cc/cardsnewlobby/portrait/evoplay/normal/fruitsupernova.png,EVOPLAY,5752,"1,2"
161,Battle of Emperors,battleofemperors,https://pgslot.cc/cardsnewlobby/portrait/gamatron/large/battleofemperors.png,https://pgslot.cc/cardsnewlobby/portrait/gamatron/normal/battleofemperors.png,GAMATRON,battleofemperors,1
142,Beat Box,beatbox,https://pgslot.cc/cardsnewlobby/portrait/gamatron/large/beatbox.png,https://pgslot.cc/cardsnewlobby/portrait/gamatron/normal/beatbox.png,GAMATRON,beatbox,1
144,Blood Moon,bloodmoon,https://pgslot.cc/cardsnewlobby/portrait/gamatron/large/bloodmoon.png,https://pgslot.cc/cardsnewlobby/portrait/gamatron/normal/bloodmoon.png,GAMATRON,bloodmoon,1
162,Bowl of Fortune,bowloffortune,https://pgslot.cc/cardsnewlobby/portrait/gamatron/large/bowloffortune.png,https://pgslot.cc/cardsnewlobby/portrait/gamatron/normal/bowloffortune.png,GAMATRON,bowloffortune,1
145,Cai Shen Four,caishenfour,https://pgslot.cc/cardsnewlobby/portrait/gamatron/large/caishenfour.png,https://pgslot.cc/cardsnewlobby/portrait/gamatron/normal/caishenfour.png,GAMATRON,caishenfour,1
143,Sichuan Opera Face Changing,changingface,https://pgslot.cc/cardsnewlobby/portrait/gamatron/large/changingface.png,https://pgslot.cc/cardsnewlobby/portrait/gamatron/normal/changingface.png,GAMATRON,changingface,1
152,Crypbattle,crypbattle,https://pgslot.cc/cardsnewlobby/portrait/gamatron/large/crypbattle.png,https://pgslot.cc/cardsnewlobby/portrait/gamatron/normal/crypbattle.png,GAMATRON,crypbattle,1
138,Crypcrusade,crypcrusade,https://pgslot.cc/cardsnewlobby/portrait/gamatron/large/crypcrusade.png,https://pgslot.cc/cardsnewlobby/portrait/gamatron/normal/crypcrusade.png,GAMATRON,crypcrusade,1
159,Dawn of the Druids,dawnofdruids,https://pgslot.cc/cardsnewlobby/portrait/gamatron/large/dawnofdruids.png,https://pgslot.cc/cardsnewlobby/portrait/gamatron/normal/dawnofdruids.png,GAMATRON,dawnofdruids,1
140,Dragon Hunter,dragonhunter,https://pgslot.cc/cardsnewlobby/portrait/gamatron/large/dragonhunter.png,https://pgslot.cc/cardsnewlobby/portrait/gamatron/normal/dragonhunter.png,GAMATRON,dragonhunter,1
169,Dragon & Tiger,dragontiger,https://pgslot.cc/cardsnewlobby/portrait/gamatron/large/dragontiger.png,https://pgslot.cc/cardsnewlobby/portrait/gamatron/normal/dragontiger.png,GAMATRON,dragontiger,1
170,End of Edo,endofedo,https://pgslot.cc/cardsnewlobby/portrait/gamatron/large/EndofEdo.png,https://pgslot.cc/cardsnewlobby/portrait/gamatron/normal/EndofEdo.png,GAMATRON,endofedo,1
147,Great Beauties of China,greatbeauties,https://pgslot.cc/cardsnewlobby/portrait/gamatron/large/greatbeauties.png,https://pgslot.cc/cardsnewlobby/portrait/gamatron/normal/greatbeauties.png,GAMATRON,greatbeauties,1
172,Japanese Mask,japanesemask,https://pgslot.cc/cardsnewlobby/portrait/gamatron/large/japanesemask.png,https://pgslot.cc/cardsnewlobby/portrait/gamatron/normal/japanesemask.png,GAMATRON,japanesemask,1
160,Journey to the Gold,journey_to_the_gold,https://pgslot.cc/cardsnewlobby/portrait/gamatron/large/journey_to_the_gold.png,https://pgslot.cc/cardsnewlobby/portrait/gamatron/normal/journey_to_the_gold.png,GAMATRON,journey_to_the_gold,1
151,Kokeshi,kokeshi,https://pgslot.cc/cardsnewlobby/portrait/gamatron/large/kokeshi.png,https://pgslot.cc/cardsnewlobby/portrait/gamatron/normal/kokeshi.png,GAMATRON,kokeshi,1
137,League of Conquerors,league,https://pgslot.cc/cardsnewlobby/portrait/gamatron/large/league.png,https://pgslot.cc/cardsnewlobby/portrait/gamatron/normal/league.png,GAMATRON,league,1
168,Moe Moe Cuisine ver.China,moemoecuisine,https://pgslot.cc/cardsnewlobby/portrait/gamatron/large/moemoecuisine.png,https://pgslot.cc/cardsnewlobby/portrait/gamatron/normal/moemoecuisine.png,GAMATRON,moemoecuisine,1
157,Monster Quest,monsterquest,https://pgslot.cc/cardsnewlobby/portrait/gamatron/large/monsterquest.png,https://pgslot.cc/cardsnewlobby/portrait/gamatron/normal/monsterquest.png,GAMATRON,monsterquest,1
155,Neo Tokyo,neotokyo,https://pgslot.cc/cardsnewlobby/portrait/gamatron/large/neotokyo.png,https://pgslot.cc/cardsnewlobby/portrait/gamatron/normal/neotokyo.png,GAMATRON,neotokyo,1
150,Onmyoji,onmyoji,https://pgslot.cc/cardsnewlobby/portrait/gamatron/large/onmyoji.png,https://pgslot.cc/cardsnewlobby/portrait/gamatron/normal/onmyoji.png,GAMATRON,onmyoji,1
154,Fireworks Fever,pachinkofever,https://pgslot.cc/cardsnewlobby/portrait/gamatron/large/pachinkofever.png,https://pgslot.cc/cardsnewlobby/portrait/gamatron/normal/pachinkofever.png,GAMATRON,pachinkofever,1
146,Pacquiao One Punch KO,pacquiao-gm,https://pgslot.cc/cardsnewlobby/portrait/gamatron/large/pacquiao-gm.png,https://pgslot.cc/cardsnewlobby/portrait/gamatron/normal/pacquiao-gm.png,GAMATRON,pacquiao-gm,1
173,Awesome Penguin,penguin,https://pgslot.cc/cardsnewlobby/portrait/gamatron/large/penguin.png,https://pgslot.cc/cardsnewlobby/portrait/gamatron/normal/penguin.png,GAMATRON,penguin,1
136,Piggy Bank Millionaire,piggybankmillionaire,https://pgslot.cc/cardsnewlobby/portrait/gamatron/large/piggybankmillionaire.png,https://pgslot.cc/cardsnewlobby/portrait/gamatron/normal/piggybankmillionaire.png,GAMATRON,piggybankmillionaire,1
165,Ping Pong King,pingpongking,https://pgslot.cc/cardsnewlobby/portrait/gamatron/large/pingpongking.png,https://pgslot.cc/cardsnewlobby/portrait/gamatron/normal/pingpongking.png,GAMATRON,pingpongking,1
164,Power of Elements,powerofelements,https://pgslot.cc/cardsnewlobby/portrait/gamatron/large/powerofelements.png,https://pgslot.cc/cardsnewlobby/portrait/gamatron/normal/powerofelements.png,GAMATRON,powerofelements,1
153,Samurai Girl,samuraigirl,https://pgslot.cc/cardsnewlobby/portrait/gamatron/large/samuraigirl.png,https://pgslot.cc/cardsnewlobby/portrait/gamatron/normal/samuraigirl.png,GAMATRON,samuraigirl,1
141,She Ninja Suzu,sheninja,https://pgslot.cc/cardsnewlobby/portrait/gamatron/large/sheninja.png,https://pgslot.cc/cardsnewlobby/portrait/gamatron/normal/sheninja.png,GAMATRON,sheninja,1
163,Shiba Inu,shibainu,https://pgslot.cc/cardsnewlobby/portrait/gamatron/large/shibainu.png,https://pgslot.cc/cardsnewlobby/portrait/gamatron/normal/shibainu.png,GAMATRON,shibainu,1
166,Sumi-e,sumi,https://pgslot.cc/cardsnewlobby/portrait/gamatron/large/sumi.png,https://pgslot.cc/cardsnewlobby/portrait/gamatron/normal/sumi.png,GAMATRON,sumi,1
158,Sushicade,sushicade,https://pgslot.cc/cardsnewlobby/portrait/gamatron/large/sushicade.png,https://pgslot.cc/cardsnewlobby/portrait/gamatron/normal/sushicade.png,GAMATRON,sushicade,1
139,Tokyo Kombat,tokyokombat,https://pgslot.cc/cardsnewlobby/portrait/gamatron/large/tokyokombat.png,https://pgslot.cc/cardsnewlobby/portrait/gamatron/normal/tokyokombat.png,GAMATRON,tokyokombat,5
167,Twinkle Star,twinklestar,https://pgslot.cc/cardsnewlobby/portrait/gamatron/large/twinklestar.png,https://pgslot.cc/cardsnewlobby/portrait/gamatron/normal/twinklestar.png,GAMATRON,twinklestar,1
148,Ukiyo-e,ukiyo,https://pgslot.cc/cardsnewlobby/portrait/gamatron/large/ukiyo.png,https://pgslot.cc/cardsnewlobby/portrait/gamatron/normal/ukiyo.png,GAMATRON,ukiyo,1
156,Usain Bolt,usainbolt,https://pgslot.cc/cardsnewlobby/portrait/gamatron/large/usainbolt.png,https://pgslot.cc/cardsnewlobby/portrait/gamatron/normal/usainbolt.png,GAMATRON,usainbolt,1
171,Wild Sumo,wildsumo,https://pgslot.cc/cardsnewlobby/portrait/gamatron/large/wildsumo.png,https://pgslot.cc/cardsnewlobby/portrait/gamatron/normal/wildsumo.png,GAMATRON,wildsumo,1
149,Pockets of Riches,xingfawang,https://pgslot.cc/cardsnewlobby/portrait/gamatron/large/xingfawang.png,https://pgslot.cc/cardsnewlobby/portrait/gamatron/normal/xingfawang.png,GAMATRON,xingfawang,1
174,Yak Thai,yakthai,https://pgslot.cc/cardsnewlobby/portrait/gamatron/large/yakthai.png,https://pgslot.cc/cardsnewlobby/portrait/gamatron/normal/yakthai.png,GAMATRON,yakthai,1
188,Bingo Fun,BINGO_FUN,https://pgslot.cc/cardsnewlobby/portrait/mannaplay/large/BINGO_FUN.png,https://pgslot.cc/cardsnewlobby/portrait/mannaplay/normal/BINGO_FUN.png,MANNAPLAY,BINGO_FUN,1
179,Bounty Hunter,BOUNTY_HUNTER,https://pgslot.cc/cardsnewlobby/portrait/mannaplay/large/BOUNTY_HUNTER.png,https://pgslot.cc/cardsnewlobby/portrait/mannaplay/normal/BOUNTY_HUNTER.png,MANNAPLAY,BOUNTY_HUNTER,1
197,CandyStorm,CANDY_STORM,https://pgslot.cc/cardsnewlobby/portrait/mannaplay/large/CANDY_STORM.png,https://pgslot.cc/cardsnewlobby/portrait/mannaplay/normal/CANDY_STORM.png,MANNAPLAY,CANDY_STORM,1
184,Carnival Beat,CARNIVAL_BEATS,https://pgslot.cc/cardsnewlobby/portrait/mannaplay/large/CARNIVAL_BEATS.png,https://pgslot.cc/cardsnewlobby/portrait/mannaplay/normal/CARNIVAL_BEATS.png,MANNAPLAY,CARNIVAL_BEATS,1
187,Cleopatra's Code,CODE_CLEOPATRAS,https://pgslot.cc/cardsnewlobby/portrait/mannaplay/large/CODE_CLEOPATRAS.png,https://pgslot.cc/cardsnewlobby/portrait/mannaplay/normal/CODE_CLEOPATRAS.png,MANNAPLAY,CODE_CLEOPATRAS,1
183,Cougar Roar,COUGAR_ROAR,https://pgslot.cc/cardsnewlobby/portrait/mannaplay/large/COUGAR_ROAR.png,https://pgslot.cc/cardsnewlobby/portrait/mannaplay/normal/COUGAR_ROAR.png,MANNAPLAY,COUGAR_ROAR,1
190,Diamond Storm,DIAMOND_STORM,https://pgslot.cc/cardsnewlobby/portrait/mannaplay/large/DIAMOND_STORM.png,https://pgslot.cc/cardsnewlobby/portrait/mannaplay/normal/DIAMOND_STORM.png,MANNAPLAY,DIAMOND_STORM,1
177,Elve Kingdom,ELVES_KINGDOM,https://pgslot.cc/cardsnewlobby/portrait/mannaplay/large/ELVES_KINGDOM.png,https://pgslot.cc/cardsnewlobby/portrait/mannaplay/normal/ELVES_KINGDOM.png,MANNAPLAY,ELVES_KINGDOM,1
185,EyeofHorus,EYEOF_HORUS,https://pgslot.cc/cardsnewlobby/portrait/mannaplay/large/EYEOF_HORUS.png,https://pgslot.cc/cardsnewlobby/portrait/mannaplay/normal/EYEOF_HORUS.png,MANNAPLAY,EYEOF_HORUS,1
176,Fancy Alice,FANCY_ALICE,https://pgslot.cc/cardsnewlobby/portrait/mannaplay/large/FANCY_ALICE.png,https://pgslot.cc/cardsnewlobby/portrait/mannaplay/normal/FANCY_ALICE.png,MANNAPLAY,FANCY_ALICE,1
196,FortuneFish,FORTUNE_FISH,https://pgslot.cc/cardsnewlobby/portrait/mannaplay/large/FORTUNE_FISH_New.png,https://pgslot.cc/cardsnewlobby/portrait/mannaplay/normal/FORTUNE_FISH_New.png,MANNAPLAY,FORTUNE_FISH,1
199,Fruit Splash,FRUIT_SPLASH,https://pgslot.cc/cardsnewlobby/portrait/mannaplay/large/FRUIT_SPLASH.png,https://pgslot.cc/cardsnewlobby/portrait/mannaplay/normal/FRUIT_SPLASH.png,MANNAPLAY,FRUIT_SPLASH,"1,4"
175,Golden Mouse,GOLDEN_MOUSE,https://pgslot.cc/cardsnewlobby/portrait/mannaplay/large/GOLDEN_MOUSE.png,https://pgslot.cc/cardsnewlobby/portrait/mannaplay/normal/GOLDEN_MOUSE.png,MANNAPLAY,GOLDEN_MOUSE,1
192,Yukai Village,MONSTERS_VILLAGE,https://pgslot.cc/cardsnewlobby/portrait/mannaplay/large/MONSTERS_VILLAGE.png,https://pgslot.cc/cardsnewlobby/portrait/mannaplay/normal/MONSTERS_VILLAGE.png,MANNAPLAY,MONSTERS_VILLAGE,1
200,Ninja Master,NINJA_MASTER,https://pgslot.cc/cardsnewlobby/portrait/mannaplay/large/NINJA_MASTER.png,https://pgslot.cc/cardsnewlobby/portrait/mannaplay/normal/NINJA_MASTER.png,MANNAPLAY,NINJA_MASTER,1
191,Pirate's Gold,PIRATES_GOLD,https://pgslot.cc/cardsnewlobby/portrait/mannaplay/large/PIRATES_GOLD.png,https://pgslot.cc/cardsnewlobby/portrait/mannaplay/normal/PIRATES_GOLD.png,MANNAPLAY,PIRATES_GOLD,1
189,Bikini Queens,SLOT_2004,https://pgslot.cc/cardsnewlobby/portrait/mannaplay/large/BIKINI_QUEENS.png,https://pgslot.cc/cardsnewlobby/portrait/mannaplay/normal/BIKINI_QUEENS.png,MANNAPLAY,SLOT_2004,"1,4"
195,Legend of Atlantis,SLOT_2017,https://pgslot.cc/cardsnewlobby/portrait/mannaplay/large/LegendofAtlantis.png,https://pgslot.cc/cardsnewlobby/portrait/mannaplay/normal/LegendofAtlantis.png,MANNAPLAY,SLOT_2017,1
186,Dragon X Tiger,SLOT_2020,https://pgslot.cc/cardsnewlobby/portrait/mannaplay/large/DRAGON_X_TIGER.png,https://pgslot.cc/cardsnewlobby/portrait/mannaplay/normal/DRAGON_X_TIGER.png,MANNAPLAY,SLOT_2020,1
180,Fortune Dragon,SLOT_2027,https://pgslot.cc/cardsnewlobby/portrait/mannaplay/large/FORTUNE_DRAGON.png,https://pgslot.cc/cardsnewlobby/portrait/mannaplay/normal/FORTUNE_DRAGON.png,MANNAPLAY,SLOT_2027,1
198,88 FA,SLOT_2028,https://pgslot.cc/cardsnewlobby/portrait/mannaplay/large/88FA.png,https://pgslot.cc/cardsnewlobby/portrait/mannaplay/normal/88FA.png,MANNAPLAY,SLOT_2028,1
194,Muay Thai,SLOT_2029,https://pgslot.cc/cardsnewlobby/portrait/mannaplay/large/MUAY_THAI.png,https://pgslot.cc/cardsnewlobby/portrait/mannaplay/normal/MUAY_THAI.png,MANNAPLAY,SLOT_2029,1
193,SushiCat,SUSHI_CAT,https://pgslot.cc/cardsnewlobby/portrait/mannaplay/large/SUSHI_CAT.png,https://pgslot.cc/cardsnewlobby/portrait/mannaplay/normal/SUSHI_CAT.png,MANNAPLAY,SUSHI_CAT,1
182,Tasho Samurai,TAISHO_SAMURAI,https://pgslot.cc/cardsnewlobby/portrait/mannaplay/large/TAISHO_SAMURAI.png,https://pgslot.cc/cardsnewlobby/portrait/mannaplay/normal/TAISHO_SAMURAI.png,MANNAPLAY,TAISHO_SAMURAI,1
178,Tokyo Sweeties,TOKYO_SWEETIES,https://pgslot.cc/cardsnewlobby/portrait/mannaplay/large/TOKYO_SWEETIES.png,https://pgslot.cc/cardsnewlobby/portrait/mannaplay/normal/TOKYO_SWEETIES.png,MANNAPLAY,TOKYO_SWEETIES,1
181,Treasure Comet,TREASURE_COMET,https://pgslot.cc/cardsnewlobby/portrait/mannaplay/large/TREASURE_COMET_New.png,https://pgslot.cc/cardsnewlobby/portrait/mannaplay/normal/TREASURE_COMET.png,MANNAPLAY,TREASURE_COMET,"1,4"
9,Honey Trap of Diao Chan,diaochan,https://pgslot.cc/cardsnewlobby/portrait/pg/large/diaochan.png,https://pgslot.cc/cardsnewlobby/portrait/pg/normal/diaochan.png,PG,1,1
15,Gem Saviour,gem-saviour,https://pgslot.cc/cardsnewlobby/portrait/pg/large/gem-saviour.png,https://pgslot.cc/cardsnewlobby/portrait/pg/normal/gem-saviour.png,PG,2,1
38,Fortune Gods,fortune-gods,https://pgslot.cc/cardsnewlobby/portrait/pg/large/fortune-gods.png,https://pgslot.cc/cardsnewlobby/portrait/pg/normal/fortune-gods.png,PG,3,1
35,Summon & Conquer,summon-conquer,https://pgslot.cc/cardsnewlobby/portrait/pg/large/summon-conquer.png,https://pgslot.cc/cardsnewlobby/portrait/pg/normal/summon-conquer.png,PG,4,1
5,Medusa II,medusa2,https://pgslot.cc/cardsnewlobby/portrait/pg/large/medusa2.png,https://pgslot.cc/cardsnewlobby/portrait/pg/normal/medusa2.png,PG,6,1
36,Medusa,medusa,https://pgslot.cc/cardsnewlobby/portrait/pg/large/medusa.png,https://pgslot.cc/cardsnewlobby/portrait/pg/normal/medusa.png,PG,7,1
16,Wizdom Wonders,wizdom-wonders,https://pgslot.cc/cardsnewlobby/portrait/pg/large/wizdom-wonders.png,https://pgslot.cc/cardsnewlobby/portrait/pg/normal/wizdom-wonders.png,PG,17,1
3,Hood vs Wolf,hood-wolf,https://pgslot.cc/cardsnewlobby/portrait/pg/large/hood-wolf.png,https://pgslot.cc/cardsnewlobby/portrait/pg/normal/hood-wolf.png,PG,18,1
25,Steampunk: Wheel of Destiny,steam-punk,https://pgslot.cc/cardsnewlobby/portrait/pg/large/steam-punk.png,https://pgslot.cc/cardsnewlobby/portrait/pg/normal/steam-punk.png,PG,19,1
44,Reel Love,reel-love,https://pgslot.cc/cardsnewlobby/portrait/pg/large/reel-love.png,https://pgslot.cc/cardsnewlobby/portrait/pg/normal/reel-love.png,PG,20,1
30,Win Win Won,win-win-won,https://pgslot.cc/cardsnewlobby/portrait/pg/large/win-win-won.png,https://pgslot.cc/cardsnewlobby/portrait/pg/normal/win-win-won.png,PG,24,1
23,Plushie Frenzy,plushie-frenzy,https://pgslot.cc/cardsnewlobby/portrait/pg/large/plushie-frenzy.png,https://pgslot.cc/cardsnewlobby/portrait/pg/normal/plushie-frenzy.png,PG,25,1
13,Tree of Fortune,fortune-tree,https://pgslot.cc/cardsnewlobby/portrait/pg/large/fortune-tree.png,https://pgslot.cc/cardsnewlobby/portrait/pg/normal/fortune-tree.png,PG,26,1
42,Hotpot,hotpot,https://pgslot.cc/cardsnewlobby/portrait/pg/large/hotpot.png,https://pgslot.cc/cardsnewlobby/portrait/pg/normal/hotpot.png,PG,28,1
32,Dragon Legend,dragon-legend,https://pgslot.cc/cardsnewlobby/portrait/pg/large/dragon-legend.png,https://pgslot.cc/cardsnewlobby/portrait/pg/normal/dragon-legend.png,PG,29,1
10,Hip Hop Panda,hip-hop-panda,https://pgslot.cc/cardsnewlobby/portrait/pg/large/hip-hop-panda.png,https://pgslot.cc/cardsnewlobby/portrait/pg/normal/hip-hop-panda.png,PG,33,"1,6"
8,Legend of Hou Yi,legend-of-hou-yi,https://pgslot.cc/cardsnewlobby/portrait/pg/large/legend-of-hou-yi.png,https://pgslot.cc/cardsnewlobby/portrait/pg/normal/legend-of-hou-yi.png,PG,34,1
37,Mr. Hallow-Win,mr-hallow-win,https://pgslot.cc/cardsnewlobby/portrait/pg/large/mr-hallow-win.png,https://pgslot.cc/cardsnewlobby/portrait/pg/normal/mr-hallow-win.png,PG,35,1
2,Prosperity Lion,prosperity-lion,https://pgslot.cc/cardsnewlobby/portrait/pg/large/prosperity-lion.png,https://pgslot.cc/cardsnewlobby/portrait/pg/normal/prosperity-lion.png,PG,36,1
26,Santa's Gift Rush,santas-gift-rush,https://pgslot.cc/cardsnewlobby/portrait/pg/large/santas-gift-rush.png,https://pgslot.cc/cardsnewlobby/portrait/pg/normal/santas-gift-rush.png,PG,37,1
28,Gem Saviour Sword,gem-saviour-sword,https://pgslot.cc/cardsnewlobby/portrait/pg/large/gem-saviour-sword.png,https://pgslot.cc/cardsnewlobby/portrait/pg/normal/gem-saviour-sword.png,PG,38,1
4,Piggy Gold,piggy-gold,https://pgslot.cc/cardsnewlobby/portrait/pg/large/piggy-gold.png,https://pgslot.cc/cardsnewlobby/portrait/pg/normal/piggy-gold.png,PG,39,1
12,Jungle Delight,jungle-delight,https://pgslot.cc/cardsnewlobby/portrait/pg/large/jungle-delight.png,https://pgslot.cc/cardsnewlobby/portrait/pg/normal/jungle-delight.png,PG,40,"1,6"
33,Symbols of Egypt,symbols-of-egypt,https://pgslot.cc/cardsnewlobby/portrait/pg/large/symbols-of-egypt.png,https://pgslot.cc/cardsnewlobby/portrait/pg/normal/symbols-of-egypt.png,PG,41,1
7,Ganesha Gold,ganesha-gold,https://pgslot.cc/cardsnewlobby/portrait/pg/large/ganesha-gold.png,https://pgslot.cc/cardsnewlobby/portrait/pg/normal/ganesha-gold.png,PG,42,"1,4,6,10"
22,Three Monkeys,three-monkeys,https://pgslot.cc/cardsnewlobby/portrait/pg/large/three-monkeys.png,https://pgslot.cc/cardsnewlobby/portrait/pg/normal/three-monkeys.png,PG,43,1
29,Emperor's Favour,emperors-favour,https://pgslot.cc/cardsnewlobby/portrait/pg/large/emperors-favour.png,https://pgslot.cc/cardsnewlobby/portrait/pg/normal/emperors-favour.png,PG,44,1
6,Double Fortune,double-fortune,https://pgslot.cc/cardsnewlobby/portrait/pg/large/double-fortune.png,https://pgslot.cc/cardsnewlobby/portrait/pg/normal/double-fortune.png,PG,48,1
40,Journey to the Wealth,journey-to-the-wealth,https://pgslot.cc/cardsnewlobby/portrait/pg/large/journey-to-the-wealth.png,https://pgslot.cc/cardsnewlobby/portrait/pg/normal/journey-to-the-wealth.png,PG,50,1
31,The Great Icescape,the-great-icescape,https://pgslot.cc/cardsnewlobby/portrait/pg/large/the-great-icescape.png,https://pgslot.cc/cardsnewlobby/portrait/pg/normal/the-great-icescape.png,PG,53,"1,6"
18,Captain's Bounty,captains-bounty,https://pgslot.cc/cardsnewlobby/portrait/pg/large/captains-bounty.png,https://pgslot.cc/cardsnewlobby/portrait/pg/normal/captains-bounty.png,PG,54,"1,6"
34,Dragon Hatch,dragon-hatch,https://pgslot.cc/cardsnewlobby/portrait/pg/large/dragon-hatch.png,https://pgslot.cc/cardsnewlobby/portrait/pg/normal/dragon-hatch.png,PG,57,"1,6"
49,Vampire's Charm,vampires-charm,https://pgslot.cc/cardsnewlobby/portrait/pg/large/vampires-charm.png,https://pgslot.cc/cardsnewlobby/portrait/pg/normal/vampires-charm.png,PG,58,1
24,Ninja vs Samurai,ninja-vs-samurai,https://pgslot.cc/cardsnewlobby/portrait/pg/large/ninja-vs-samurai.png,https://pgslot.cc/cardsnewlobby/portrait/pg/normal/ninja-vs-samurai.png,PG,59,1
55,Leprechaun Riches,leprechaun-riches,https://pgslot.cc/cardsnewlobby/portrait/pg/large/leprechaun-riches.png,https://pgslot.cc/cardsnewlobby/portrait/pg/normal/leprechaun-riches.png,PG,60,1
1,Flirting Scholar,flirting-scholar,https://pgslot.cc/cardsnewlobby/portrait/pg/large/flirting-scholar.png,https://pgslot.cc/cardsnewlobby/portrait/pg/normal/flirting-scholar.png,PG,61,1
11,Gem Saviour Conquest,gem-saviour-conquest,https://pgslot.cc/cardsnewlobby/portrait/pg/large/gem-saviour-conquest.png,https://pgslot.cc/cardsnewlobby/portrait/pg/normal/gem-saviour-conquest.png,PG,62,1
20,Dragon Tiger Luck,dragon-tiger-luck,https://pgslot.cc/cardsnewlobby/portrait/pg/large/dragon-tiger-luck.png,https://pgslot.cc/cardsnewlobby/portrait/pg/normal/dragon-tiger-luck.png,PG,63,1
39,Muay Thai Champion,muay-thai-champion,https://pgslot.cc/cardsnewlobby/portrait/pg/large/muay-thai-champion.png,https://pgslot.cc/cardsnewlobby/portrait/pg/normal/muay-thai-champion.png,PG,64,"1,6"
19,Mahjong Ways,mahjong-ways,https://pgslot.cc/cardsnewlobby/portrait/pg/large/mahjong-ways.png,https://pgslot.cc/cardsnewlobby/portrait/pg/normal/mahjong-ways.png,PG,65,1
21,Shaolin Soccer,shaolin-soccer,https://pgslot.cc/cardsnewlobby/portrait/pg/large/shaolin-soccer.png,https://pgslot.cc/cardsnewlobby/portrait/pg/normal/shaolin-soccer.png,PG,67,1
43,Fortune Mouse,fortune-mouse,https://pgslot.cc/cardsnewlobby/portrait/pg/large/fortune-mouse.png,https://pgslot.cc/cardsnewlobby/portrait/pg/normal/fortune-mouse.png,PG,68,1
54,Bikini Paradise,bikini-paradise,https://pgslot.cc/cardsnewlobby/portrait/pg/large/bikini-paradise.png,https://pgslot.cc/cardsnewlobby/portrait/pg/normal/bikini-paradise.png,PG,69,"1,6"
45,Candy Burst,candy-burst,https://pgslot.cc/cardsnewlobby/portrait/pg/large/candy-burst.png,https://pgslot.cc/cardsnewlobby/portrait/pg/normal/candy-burst.png,PG,70,1
14,Caishen Wins,cai-shen-wins,https://pgslot.cc/cardsnewlobby/portrait/pg/large/cai-shen-wins.png,https://pgslot.cc/cardsnewlobby/portrait/pg/normal/cai-shen-wins.png,PG,71,"1,4,10"
17,Egypt's Book of Mystery,egypts-book-mystery,https://pgslot.cc/cardsnewlobby/portrait/pg/large/egypts-book-mystery.png,https://pgslot.cc/cardsnewlobby/portrait/pg/normal/egypts-book-mystery.png,PG,73,"1,4,10"
56,Mahjong Ways 2,mahjong-ways2,https://pgslot.cc/cardsnewlobby/portrait/pg/large/mahjong-ways2.png,https://pgslot.cc/cardsnewlobby/portrait/pg/normal/mahjong-ways2.png,PG,74,"1,6"
65,Ganesha Fortune,ganesha-fortune,https://pgslot.cc/cardsnewlobby/portrait/pg/large/ganesha-fortune.png,https://pgslot.cc/cardsnewlobby/portrait/pg/normal/ganesha-fortune.png,PG,75,1
46,Dreams of Macau,dreams-of-macau,https://pgslot.cc/cardsnewlobby/portrait/pg/large/dreams-of-macau.png,https://pgslot.cc/cardsnewlobby/portrait/pg/normal/dreams-of-macau.png,PG,79,"1,4,10"
64,Circus Delight,circus-delight,https://pgslot.cc/cardsnewlobby/portrait/pg/large/circus-delight.png,https://pgslot.cc/cardsnewlobby/portrait/pg/normal/circus-delight.png,PG,80,1
41,Dim Sum Mania,dim-sum-mania,https://pgslot.cc/cardsnewlobby/portrait/pg/large/dim-sum-mania.png,https://pgslot.cc/cardsnewlobby/portrait/pg/normal/dim-sum-mania.png,PG,81,1
59,Phoenix Rises,phoenix-rises,https://pgslot.cc/cardsnewlobby/portrait/pg/large/phoenix-rises.png,https://pgslot.cc/cardsnewlobby/portrait/pg/normal/phoenix-rises.png,PG,82,1
27,Wild Fireworks,wild-fireworks,https://pgslot.cc/cardsnewlobby/portrait/pg/large/wild-fireworks.png,https://pgslot.cc/cardsnewlobby/portrait/pg/normal/wild-fireworks.png,PG,83,1
48,Queen of Bounty,queen-bounty,https://pgslot.cc/cardsnewlobby/portrait/pg/large/queen-bounty.png,https://pgslot.cc/cardsnewlobby/portrait/pg/normal/queen-bounty.png,PG,84,"1,6"
63,Genie's 3 Wishes,genies-wishes,https://pgslot.cc/cardsnewlobby/portrait/pg/large/genies-wishes.png,https://pgslot.cc/cardsnewlobby/portrait/pg/normal/genies-wishes.png,PG,85,1
51,Galactic Gems,galactic-gems,https://pgslot.cc/cardsnewlobby/portrait/pg/large/galacticgems.png,https://pgslot.cc/cardsnewlobby/portrait/pg/normal/galacticgems.png,PG,86,"1,2,6"
57,Treasures of Aztec,treasures-aztec,https://pgslot.cc/cardsnewlobby/portrait/pg/large/treasures-aztec.png,https://pgslot.cc/cardsnewlobby/portrait/pg/normal/treasures-aztec.png,PG,87,"1,2,4,6,10"
60,Jewels of Prosperity,jewels-prosper,https://pgslot.cc/cardsnewlobby/portrait/pg/large/jewels-of-prosperity.png,https://pgslot.cc/cardsnewlobby/portrait/pg/normal/jewels-of-prosperity.png,PG,88,"1,2"
53,Lucky Neko,lucky-neko,https://pgslot.cc/cardsnewlobby/portrait/pg/large/lucky-neko.png,https://pgslot.cc/cardsnewlobby/portrait/pg/normal/lucky-neko.png,PG,89,"1,2,4,6,10"
66,Secret of Cleopatra,sct-cleopatra,https://pgslot.cc/cardsnewlobby/portrait/pg/large/sct-cleopatra-new.png,https://pgslot.cc/cardsnewlobby/portrait/pg/normal/sct-cleopatra-new1.png,PG,90,"1,2,4,6,10"
50,Guardians of Ice and Fire,gdn-ice-fire,https://pgslot.cc/cardsnewlobby/portrait/pg/large/GuardiansofIce&Fire.png,https://pgslot.cc/cardsnewlobby/portrait/pg/normal/GuardiansofIce&Fire.png,PG,91,1
47,Thai River Wonders,thai-river,https://pgslot.cc/cardsnewlobby/portrait/pg/large/thai-river.png,https://pgslot.cc/cardsnewlobby/portrait/pg/normal/thai-river.png,PG,92,"1,2,4,6,10"
58,Opera Dynasty,opera-dynasty,https://pgslot.cc/cardsnewlobby/portrait/pg/large/OperaDynasty.png,https://pgslot.cc/cardsnewlobby/portrait/pg/normal/OperaDynasty.png,PG,93,"1,2,4,6,10"
62,Bali Vacation,bali-vacation,https://pgslot.cc/cardsnewlobby/portrait/pg/large/bali-vacation.png,https://pgslot.cc/cardsnewlobby/portrait/pg/normal/bali-vacation.png,PG,94,"1,2,4,6,10"
68,Majestic Treasures,majestic-ts,https://pgslot.cc/cardsnewlobby/portrait/pg/large/majestic-ts.png,https://pgslot.cc/cardsnewlobby/portrait/pg/normal/majestic-ts.png,PG,95,"1,2"
52,Jackfrost's Winter,jack-frosts,https://pgslot.cc/cardsnewlobby/landscape/pg/large/jackfrostswinter.png,https://pgslot.cc/cardsnewlobby/portrait/pg/normal/jackfrostswinter.png,PG,97,"1,2,4,6,10"
61,Fortune OX,fortune-ox,https://pgslot.cc/cardsnewlobby/portrait/pg/large/fortuneox.png,https://pgslot.cc/cardsnewlobby/portrait/pg/normal/fortuneox.png,PG,98,"1,2"
69,Candy Bonanza,candy-bonanza,https://pgslot.cc/cardsnewlobby/portrait/pg/large/candy-bonanza.png,https://pgslot.cc/cardsnewlobby/portrait/pg/normal/candy-bonanza.png,PG,100,"1,2"
67,Crypto Gold,crypto-gold,https://pgslot.cc/cardsnewlobby/portrait/pg/large/crypto-gold.png,https://pgslot.cc/cardsnewlobby/portrait/pg/normal/crypto-gold.png,PG,103,"1,2,6,10"